gene_set,gene
absolute_top200,DDX46
absolute_top200,TAPBP
absolute_top200,VHL
absolute_top200,AUH
absolute_top200,OLFML3
absolute_top200,ZNF585B
absolute_top200,CHRDL1
absolute_top200,DDB1
absolute_top200,CD99L2
absolute_top200,ACTR5
absolute_top200,CORO7
absolute_top200,MASP2
absolute_top200,MEIS1
absolute_top200,EPAS1
absolute_top200,RTN4RL1
absolute_top200,MIA3
absolute_top200,SERINC3
absolute_top200,PLPP3
absolute_top200,ZNF317
absolute_top200,GLG1
absolute_top200,SLC7A14
absolute_top200,NR4A2
absolute_top200,LPIN2
absolute_top200,WDR26
absolute_top200,XRRA1
absolute_top200,TNFRSF11B
absolute_top200,PDGFD
absolute_top200,ERAP1
absolute_top200,WWTR1
absolute_top200,SYDE2
absolute_top200,ARHGEF6
absolute_top200,NBAS
absolute_top200,BID
absolute_top200,HOXC10
absolute_top200,POFUT2
absolute_top200,KLHL41
absolute_top200,PDXK
absolute_top200,DUS3L
absolute_top200,SCD
absolute_top200,KIAA0319L
absolute_top200,SLC22A15
absolute_top200,ZNF844
absolute_top200,TMEM164
absolute_top200,ZNF607
absolute_top200,SIAE
absolute_top200,CYB561A3
absolute_top200,COL3A1
absolute_top200,CPNE7
absolute_top200,SSX2IP
absolute_top200,CIPC
absolute_top200,VWA5A
absolute_top200,ZNF75D
absolute_top200,RAB40B
absolute_top200,SLC25A40
absolute_top200,CYTH3
absolute_top200,MCMDC2
absolute_top200,TMEM231
absolute_top200,SLC30A1
absolute_top200,METTL4
absolute_top200,SLC2A10
absolute_top200,AARSD1
absolute_top200,GANAB
absolute_top200,VSTM4
absolute_top200,SEMA4B
absolute_top200,CD38
absolute_top200,WDR37
absolute_top200,PCDHGA12
absolute_top200,DYRK2
absolute_top200,PTGFRN
absolute_top200,SET
absolute_top200,KCTD16
absolute_top200,GPN3
absolute_top200,FBXO30
absolute_top200,CES2
absolute_top200,IDS
absolute_top200,PCDHB7
absolute_top200,MFSD6
absolute_top200,LONP2
absolute_top200,LRCH1
absolute_top200,IWS1
absolute_top200,MAP7D1
absolute_top200,TRAIP
absolute_top200,NBL1
absolute_top200,MAVS
absolute_top200,CEP68
absolute_top200,HLX
absolute_top200,PIP5K1A
absolute_top200,HHIP
absolute_top200,CD109
absolute_top200,RND2
absolute_top200,FBXW11
absolute_top200,FAM114A1
absolute_top200,KIT
absolute_top200,HP1BP3
absolute_top200,LIG4
absolute_top200,STEAP2
absolute_top200,TAF9
absolute_top200,METTL3
absolute_top200,ITGA10
absolute_top200,TSHZ3
absolute_top200,MCFD2
absolute_top200,CITED2
absolute_top200,TMX4
absolute_top200,ZNF778
absolute_top200,PABPN1
absolute_top200,EDNRB
absolute_top200,ATG16L2
absolute_top200,SOD3
absolute_top200,CHP1
absolute_top200,DHCR24
absolute_top200,EFHD2
absolute_top200,GZF1
absolute_top200,TBC1D4
absolute_top200,TELO2
absolute_top200,FZD8
absolute_top200,TSPAN7
absolute_top200,ARSD
absolute_top200,BTN3A2
absolute_top200,CWF19L2
absolute_top200,BFAR
absolute_top200,PCDHGA11
absolute_top200,C2CD5
absolute_top200,ATAD3A
absolute_top200,HSPA12B
absolute_top200,TSEN2
absolute_top200,VWCE
absolute_top200,MAN2A1
absolute_top200,CXCL14
absolute_top200,RAB42
absolute_top200,RIPK3
absolute_top200,ELMO2
absolute_top200,OSBP
absolute_top200,SLC35D1
absolute_top200,ZNF436
absolute_top200,COG5
absolute_top200,TRANK1
absolute_top200,SIPA1
absolute_top200,ZNF138
absolute_top200,GBP2
absolute_top200,ACOX1
absolute_top200,FBN2
absolute_top200,PLCL1
absolute_top200,SEPHS2
absolute_top200,EEF2KMT
absolute_top200,TMEM248
absolute_top200,ADHFE1
absolute_top200,NONO
absolute_top200,PARPBP
absolute_top200,RAB3D
absolute_top200,ST3GAL5
absolute_top200,ZFP36L2
absolute_top200,ADGRA3
absolute_top200,MOCOS
absolute_top200,SEZ6L2
absolute_top200,NT5E
absolute_top200,SLC35C1
absolute_top200,STC1
absolute_top200,GAS2L1
absolute_top200,DHX40
absolute_top200,FAM222B
absolute_top200,EPHX1
absolute_top200,EXT1
absolute_top200,PTAFR
absolute_top200,HHAT
absolute_top200,SRXN1
absolute_top200,RABEP1
absolute_top200,CHCHD5
absolute_top200,IFT172
absolute_top200,ZDHHC9
absolute_top200,SGPP1
absolute_top200,PFKP
absolute_top200,TMCC1
absolute_top200,OXCT1
absolute_top200,APCDD1L
absolute_top200,PIK3C3
absolute_top200,DHRS9
absolute_top200,TERT
absolute_top200,ABCA6
absolute_top200,ATG13
absolute_top200,BAG1
absolute_top200,GNS
absolute_top200,USP4
absolute_top200,CNOT10
absolute_top200,PROS1
absolute_top200,SH3RF2
absolute_top200,GNG12
absolute_top200,TMEM185A
absolute_top200,CLU
absolute_top200,EPN2
absolute_top200,HFE
absolute_top200,QSOX1
absolute_top200,MCCC1
absolute_top200,OSBPL2
absolute_top200,IFT46
absolute_top200,ZBTB8OS
absolute_top200,TGFBI
absolute_top200,SLC25A25
absolute_top200,DUSP23
absolute_top200,DPYD
absolute_top200,LCOR
positive_top100,TAPBP
positive_top100,VHL
positive_top100,AUH
positive_top100,ZNF585B
positive_top100,CHRDL1
positive_top100,DDB1
positive_top100,CD99L2
positive_top100,MEIS1
positive_top100,EPAS1
positive_top100,RTN4RL1
positive_top100,MIA3
positive_top100,SERINC3
positive_top100,PLPP3
positive_top100,ZNF317
positive_top100,GLG1
positive_top100,SLC7A14
positive_top100,NR4A2
positive_top100,LPIN2
positive_top100,WDR26
positive_top100,XRRA1
positive_top100,TNFRSF11B
positive_top100,PDGFD
positive_top100,ERAP1
positive_top100,WWTR1
positive_top100,ARHGEF6
positive_top100,NBAS
positive_top100,HOXC10
positive_top100,POFUT2
positive_top100,KLHL41
positive_top100,SCD
positive_top100,KIAA0319L
positive_top100,ZNF844
positive_top100,TMEM164
positive_top100,ZNF607
positive_top100,SIAE
positive_top100,CYB561A3
positive_top100,COL3A1
positive_top100,SSX2IP
positive_top100,CIPC
positive_top100,VWA5A
positive_top100,ZNF75D
positive_top100,RAB40B
positive_top100,SLC25A40
positive_top100,CYTH3
positive_top100,MCMDC2
positive_top100,TMEM231
positive_top100,SLC30A1
positive_top100,SLC2A10
positive_top100,GANAB
positive_top100,VSTM4
positive_top100,SEMA4B
positive_top100,CD38
positive_top100,WDR37
positive_top100,PCDHGA12
positive_top100,DYRK2
positive_top100,PTGFRN
positive_top100,KCTD16
positive_top100,FBXO30
positive_top100,CES2
positive_top100,IDS
positive_top100,PCDHB7
positive_top100,MFSD6
positive_top100,LONP2
positive_top100,LRCH1
positive_top100,MAVS
positive_top100,CEP68
positive_top100,PIP5K1A
positive_top100,HHIP
positive_top100,CD109
positive_top100,FBXW11
positive_top100,FAM114A1
positive_top100,HP1BP3
positive_top100,STEAP2
positive_top100,ITGA10
positive_top100,TSHZ3
positive_top100,MCFD2
positive_top100,CITED2
positive_top100,TMX4
positive_top100,ZNF778
positive_top100,SOD3
positive_top100,CHP1
positive_top100,DHCR24
positive_top100,GZF1
positive_top100,TBC1D4
positive_top100,FZD8
positive_top100,TSPAN7
positive_top100,ARSD
positive_top100,BTN3A2
positive_top100,BFAR
positive_top100,PCDHGA11
positive_top100,C2CD5
positive_top100,VWCE
positive_top100,MAN2A1
positive_top100,CXCL14
positive_top100,RIPK3
positive_top100,ELMO2
positive_top100,OSBP
positive_top100,SLC35D1
positive_top100,ZNF436
positive_top100,COG5
negative_top100,DDX46
negative_top100,OLFML3
negative_top100,ACTR5
negative_top100,CORO7
negative_top100,MASP2
negative_top100,SYDE2
negative_top100,BID
negative_top100,PDXK
negative_top100,DUS3L
negative_top100,SLC22A15
negative_top100,CPNE7
negative_top100,METTL4
negative_top100,AARSD1
negative_top100,SET
negative_top100,GPN3
negative_top100,IWS1
negative_top100,MAP7D1
negative_top100,TRAIP
negative_top100,NBL1
negative_top100,HLX
negative_top100,RND2
negative_top100,KIT
negative_top100,LIG4
negative_top100,TAF9
negative_top100,METTL3
negative_top100,PABPN1
negative_top100,EDNRB
negative_top100,ATG16L2
negative_top100,EFHD2
negative_top100,TELO2
negative_top100,CWF19L2
negative_top100,ATAD3A
negative_top100,HSPA12B
negative_top100,TSEN2
negative_top100,RAB42
negative_top100,SIPA1
negative_top100,ZNF138
negative_top100,EEF2KMT
negative_top100,PARPBP
negative_top100,MOCOS
negative_top100,SLC35C1
negative_top100,GAS2L1
negative_top100,EXT1
negative_top100,PTAFR
negative_top100,CHCHD5
negative_top100,PFKP
negative_top100,PIK3C3
negative_top100,DHRS9
negative_top100,TERT
negative_top100,BAG1
negative_top100,CNOT10
negative_top100,IFT46
negative_top100,ZBTB8OS
negative_top100,TGFBI
negative_top100,DUSP23
negative_top100,GPR89B
negative_top100,PLXDC2
negative_top100,HILPDA
negative_top100,FRA10AC1
negative_top100,CCDC57
negative_top100,PPM1G
negative_top100,TOM1
negative_top100,BCAR3
negative_top100,C1ORF52
negative_top100,TACC2
negative_top100,TTC7A
negative_top100,CARD14
negative_top100,IBSP
negative_top100,GAPDHS
negative_top100,PLPP4
negative_top100,LDLRAD1
negative_top100,FLAD1
negative_top100,ARL6IP4
negative_top100,RPAP3
negative_top100,GPR39
negative_top100,BAZ1A
negative_top100,FBXO4
negative_top100,ASGR1
negative_top100,KIFC3
negative_top100,SRSF4
negative_top100,TRMT1
negative_top100,KIF7
negative_top100,KRT10
negative_top100,CTHRC1
negative_top100,TMEM186
negative_top100,AIMP1
negative_top100,SNRPE
negative_top100,DYNLT1
negative_top100,HAUS8
negative_top100,CENPQ
negative_top100,MAST2
negative_top100,MITD1
negative_top100,RABL6
negative_top100,MFSD12
negative_top100,COL25A1
negative_top100,IKBKG
negative_top100,NUDC
negative_top100,ILKAP
negative_top100,TYK2
negative_top100,FSTL3
